[
  {
    "id": "pecas-funcionais",
    "name": "Peças Funcionais",
    "description": "Engrenagens, suportes, conectores e peças de precisão para diversas aplicações.",
    "image": "images/categoria-pecas-funcionais.jpg",
    "featured": true
  },
  {
    "id": "decoracao",
    "name": "Decoração",
    "description": "Esculturas, vasos, porta-retratos e objetos de arte para decorar ambientes.",
    "image": "images/categoria-decoracao.jpg",
    "featured": true
  },
  {
    "id": "prototipos",
    "name": "Protótipos",
    "description": "Maquetes arquitetônicas, protótipos de produtos e modelos conceituais.",
    "image": "images/categoria-prototipos.jpg",
    "featured": true
  },
  {
    "id": "educacional",
    "name": "Educacional",
    "description": "Modelos anatômicos, réplicas históricas e ferramentas didáticas.",
    "image": "images/categoria-educacional.jpg",
    "featured": true
  },
  {
    "id": "personalizado",
    "name": "Personalizado",
    "description": "Presentes personalizados, brindes corporativos e itens comemorativos.",
    "image": "images/categoria-personalizado.jpg",
    "featured": false
  },
  {
    "id": "acessorios",
    "name": "Acessórios",
    "description": "Suportes para celular, organizadores, porta-objetos e gadgets.",
    "image": "images/categoria-acessorios.jpg",
    "featured": false
  },
  {
    "id": "pecas-reposicao",
    "name": "Peças de Reposição",
    "description": "Componentes eletrônicos, peças automotivas e componentes para equipamentos.",
    "image": "images/categoria-pecas-reposicao.jpg",
    "featured": false
  }
]
