[
  {
    "id": 1,
    "name": "Suporte Ajustável para Smartphone",
    "category": "Acessórios",
    "price": 49.90,
    "description": "Suporte ajustável e ergonômico para smartphone, ideal para videoconferências, assistir vídeos ou usar como suporte de mesa.",
    "details": "Este suporte para smartphone foi projetado para proporcionar conforto e praticidade no uso diário do seu dispositivo. Com ajuste de altura e ângulo, permite posicionar o aparelho na posição ideal para qualquer situação.",
    "specifications": {
      "material": "PLA Premium",
      "dimensions": "12cm x 8cm x 15cm",
      "weight": "120g",
      "colors": ["Preto", "Branco", "Azul", "Verde"]
    },
    "images": [
      "images/produto-1.jpg",
      "images/produto-1-2.jpg",
      "images/produto-1-3.jpg"
    ],
    "rating": 4.8,
    "reviews": 32,
    "featured": true,
    "new": true,
    "stock": 25
  },
  {
    "id": 2,
    "name": "Vaso Geométrico Moderno",
    "category": "Decoração",
    "price": 89.90,
    "description": "Vaso decorativo com design geométrico moderno, perfeito para plantas pequenas ou arranjos florais.",
    "details": "Inspirado em formas geométricas contemporâneas, este vaso decorativo adiciona um toque de sofisticação a qualquer ambiente. Sua estrutura poligonal cria efeitos de luz e sombra que mudam ao longo do dia.",
    "specifications": {
      "material": "PLA com acabamento acetinado",
      "dimensions": "15cm x 15cm x 20cm",
      "weight": "250g",
      "colors": ["Branco", "Preto", "Dourado", "Cobre"]
    },
    "images": [
      "images/produto-2.jpg",
      "images/produto-2-2.jpg",
      "images/produto-2-3.jpg"
    ],
    "rating": 4.7,
    "reviews": 18,
    "featured": true,
    "new": false,
    "stock": 15
  },
  {
    "id": 3,
    "name": "Kit de Engrenagens Mecânicas",
    "category": "Peças Funcionais",
    "price": 129.90,
    "description": "Kit completo de engrenagens mecânicas impressas em 3D com alta precisão e resistência. Ideal para projetos de robótica, automação e protótipos funcionais.",
    "details": "O Kit de Engrenagens Mecânicas da NeoLayer3D é a solução ideal para projetos que exigem componentes mecânicos precisos e duráveis. Desenvolvido com tecnologia de impressão 3D de última geração, cada engrenagem é produzida com atenção meticulosa aos detalhes, garantindo encaixes perfeitos e funcionamento suave.",
    "specifications": {
      "material": "PLA Premium (opções de ABS e PETG disponíveis)",
      "quantidade": "15 engrenagens",
      "diametro": "10mm a 50mm",
      "espessura": "5mm",
      "furo_central": "5mm (compatível com eixos padrão)",
      "tolerancia": "0.1mm"
    },
    "images": [
      "images/produto-3.jpg",
      "images/produto-3-2.jpg",
      "images/produto-3-3.jpg",
      "images/produto-3-4.jpg"
    ],
    "rating": 4.5,
    "reviews": 24,
    "featured": true,
    "popular": true,
    "stock": 20
  },
  {
    "id": 4,
    "name": "Modelo Anatômico do Coração Humano",
    "category": "Educacional",
    "price": 199.90,
    "description": "Modelo anatômico detalhado do coração humano, ideal para estudos, ensino ou decoração em consultórios médicos.",
    "details": "Este modelo anatômico do coração humano foi desenvolvido com base em imagens médicas reais para garantir precisão e detalhamento. Perfeito para estudantes de medicina, professores de biologia ou profissionais da saúde que desejam uma ferramenta visual para explicações.",
    "specifications": {
      "material": "PLA com múltiplas cores",
      "dimensões": "15cm x 12cm x 12cm",
      "peso": "350g",
      "peças": "5 partes desmontáveis",
      "detalhamento": "Inclui válvulas, câmaras, artérias e veias principais"
    },
    "images": [
      "images/produto-4.jpg",
      "images/produto-4-2.jpg",
      "images/produto-4-3.jpg"
    ],
    "rating": 4.9,
    "reviews": 15,
    "featured": true,
    "new": false,
    "stock": 8
  },
  {
    "id": 5,
    "name": "Suporte Ergonômico para Monitor",
    "category": "Peças Funcionais",
    "price": 159.90,
    "description": "Suporte ergonômico ajustável para monitor, projetado para melhorar a postura e reduzir o cansaço durante longas horas de trabalho.",
    "details": "Desenvolvido com foco em ergonomia, este suporte para monitor permite ajustar a altura e o ângulo de visualização para uma posição ideal de trabalho. Ajuda a prevenir dores no pescoço e fadiga visual, aumentando o conforto e a produtividade.",
    "specifications": {
      "material": "PETG reforçado",
      "dimensões": "30cm x 25cm x 15cm",
      "peso": "450g",
      "capacidade": "Suporta até 8kg",
      "ajuste_altura": "5 níveis de ajuste",
      "compatibilidade": "Monitores de 17\" a 32\""
    },
    "images": [
      "images/produto-5.jpg",
      "images/produto-5-2.jpg",
      "images/produto-5-3.jpg"
    ],
    "rating": 4.6,
    "reviews": 22,
    "featured": false,
    "new": false,
    "stock": 12
  },
  {
    "id": 6,
    "name": "Kit de Conectores Elétricos",
    "category": "Peças Funcionais",
    "price": 79.90,
    "description": "Kit completo de conectores elétricos para projetos de eletrônica, automação residencial e prototipagem.",
    "details": "Este kit contém uma variedade de conectores elétricos impressos em 3D com material isolante de alta qualidade. Ideal para organizar cabos, criar conexões seguras e desenvolver projetos eletrônicos com acabamento profissional.",
    "specifications": {
      "material": "ABS isolante",
      "quantidade": "50 peças sortidas",
      "tipos": "Conectores de 2, 3 e 4 pinos",
      "compatibilidade": "Fios de 0.5mm² a 2.5mm²",
      "temperatura_max": "85°C",
      "tensão_max": "24V"
    },
    "images": [
      "images/produto-6.jpg",
      "images/produto-6-2.jpg",
      "images/produto-6-3.jpg"
    ],
    "rating": 4.3,
    "reviews": 17,
    "featured": false,
    "new": false,
    "stock": 30
  },
  {
    "id": 7,
    "name": "Suportes Modulares para Prateleira",
    "category": "Peças Funcionais",
    "price": 89.90,
    "description": "Conjunto de suportes modulares para prateleiras, com design minimalista e alta resistência.",
    "details": "Estes suportes modulares foram projetados para combinar estética e funcionalidade. Com sistema de encaixe inovador, permitem a instalação de prateleiras sem necessidade de ferramentas especiais, garantindo estabilidade e um visual clean.",
    "specifications": {
      "material": "PETG reforçado",
      "quantidade": "6 suportes",
      "capacidade": "Até 15kg por suporte",
      "compatibilidade": "Prateleiras de 15mm a 25mm de espessura",
      "dimensões": "10cm x 5cm x 5cm (cada)",
      "cores": ["Branco", "Preto", "Cinza", "Transparente"]
    },
    "images": [
      "images/produto-7.jpg",
      "images/produto-7-2.jpg",
      "images/produto-7-3.jpg"
    ],
    "rating": 4.7,
    "reviews": 28,
    "featured": false,
    "new": false,
    "stock": 18
  },
  {
    "id": 8,
    "name": "Porta-Retrato 3D Personalizado",
    "category": "Decoração",
    "price": 69.90,
    "description": "Porta-retrato com design tridimensional personalizável, perfeito para destacar suas fotos favoritas.",
    "details": "Este porta-retrato único combina design tridimensional com a possibilidade de personalização. A moldura em camadas cria um efeito de profundidade que destaca a foto e adiciona um elemento decorativo diferenciado ao ambiente.",
    "specifications": {
      "material": "PLA Premium",
      "dimensões": "20cm x 25cm (tamanho total)",
      "tamanho_foto": "10cm x 15cm",
      "espessura": "3cm",
      "personalização": "Possibilidade de adicionar nomes, datas ou frases",
      "cores": ["Branco", "Preto", "Dourado", "Prata", "Azul", "Verde"]
    },
    "images": [
      "images/produto-8.jpg",
      "images/produto-8-2.jpg",
      "images/produto-8-3.jpg"
    ],
    "rating": 4.8,
    "reviews": 19,
    "featured": false,
    "new": false,
    "stock": 15
  },
  {
    "id": 9,
    "name": "Luminária Pendente Geométrica",
    "category": "Decoração",
    "price": 199.90,
    "description": "Luminária pendente com design geométrico moderno, ideal para salas de jantar, escritórios ou áreas de convivência.",
    "details": "Esta luminária pendente combina design contemporâneo com iluminação funcional. Seu padrão geométrico projeta sombras interessantes no ambiente, criando uma atmosfera única e sofisticada. Fácil de instalar e compatível com lâmpadas LED padrão.",
    "specifications": {
      "material": "PLA com acabamento especial",
      "dimensões": "30cm x 30cm x 35cm",
      "peso": "650g",
      "soquete": "E27 (padrão)",
      "potência_max": "60W",
      "comprimento_cabo": "1,5m ajustável",
      "cores": ["Branco", "Preto", "Dourado", "Cobre"]
    },
    "images": [
      "images/produto-9.jpg",
      "images/produto-9-2.jpg",
      "images/produto-9-3.jpg"
    ],
    "rating": 4.9,
    "reviews": 12,
    "featured": false,
    "new": true,
    "stock": 10
  },
  {
    "id": 10,
    "name": "Escultura Abstrata Moderna",
    "category": "Decoração",
    "price": 149.90,
    "description": "Escultura decorativa com design abstrato moderno, perfeita para mesas de centro, estantes ou nichos.",
    "details": "Esta escultura abstrata é uma peça de arte contemporânea que adiciona personalidade e sofisticação a qualquer ambiente. Suas formas fluidas e orgânicas criam um ponto focal interessante e conversacional em qualquer decoração.",
    "specifications": {
      "material": "PLA com acabamento metalizado",
      "dimensões": "25cm x 15cm x 30cm",
      "peso": "400g",
      "base": "Embutida, estável",
      "acabamento": "Semi-brilho",
      "cores": ["Prata", "Dourado", "Bronze", "Preto Metálico"]
    },
    "images": [
      "images/produto-10.jpg",
      "images/produto-10-2.jpg",
      "images/produto-10-3.jpg"
    ],
    "rating": 4.7,
    "reviews": 14,
    "featured": false,
    "new": false,
    "stock": 8
  }
]
